<?xml version="1.0" encoding="UTF-8" ?>
<templates xml:space="preserve">
    <t t-name="machine_module.Machines" owl="1">
        <div class="container">
            <div>
                <h1>Internal Machine status</h1>
                <div class="accordion-item" t-foreach="state.machineList" t-as="machines" t-key="machines.id" style="width: 75%;">
                    <h2 class="accordion-header" id="heading-{{ machines.id }}">
                        <button class="accordion-button collapsed" type="button" data-bs-toggle="collapse" t-att-data-bs-target="'#collapse-' + machines.id" aria-expanded="false" aria-controls="collapseOne">
                            <h3><span style="text-transform: capitalize;" t-esc="machines.nameOfMachines"/> : <span style="font-size: 15px;font-weight: 400;" t-esc="machines.subMachines"/></h3>
                        </button>
                    </h2>
                    <div t-att-id="'collapse-' + machines.id" class="accordion-collapse collapse" aria-labelledby="heading-{{ machines.id }}" data-bs-parent="#accordionExample">
                        <div class="accordion-body">
                            <h5>Machine Name: <span t-esc="machines.subMachines"/></h5>
                            <h5>Machine ID : <span t-esc="machines.id"/></h5>
                            <h5>Machine Type: <span style="text-transform: capitalize;" t-esc="machines.nameOfMachines"/></h5>
                        </div>
                    </div>
                </div>
            </div>
            <div>
                <button t-on-click="columnCreation">create</button>
            </div>
        </div>
    </t>
</templates>


<!--<?xml version="1.0" encoding="UTF-8" ?>-->
<!--<templates xml:space="preserve">-->
<!--    <t t-name="machine_module.Machines" owl="1">-->
<!--&lt;!&ndash;        BOOTSTRAP ACCORDIAN&ndash;&gt;-->
<!--        <div class="container">-->
<!--            <div>-->
<!--                <h1>Internal Machine status</h1>-->
<!--                <div class="accordion-item" t-foreach="state.machineList" t-as="machines" t-key="machines.id" style="width: 75%;">-->
<!--                    <h2 class="accordion-header" id="heading-{{ machines.id }}">-->
<!--                        <button class="accordion-button collapsed" type="button" data-bs-toggle="collapse" t-att-data-bs-target="'#collapse-' + machines.id" aria-expanded="false" aria-controls="collapseOne">-->
<!--                            <h3><span style="text-transform: capitalize;" t-esc="machines.nameOfMachines"/> : <span style="font-size: 15px;font-weight: 400;" t-esc="machines.subMachines"/></h3>-->
<!--                        </button>-->
<!--                    </h2>-->
<!--                    <div t-att-id="'collapse-' + machines.id" class="accordion-collapse collapse" aria-labelledby="heading-{{ machines.id }}" data-bs-parent="#accordionExample">-->
<!--                        <div class="accordion-body">-->
<!--                            <h5>Machine Name: <span t-esc="machines.subMachines"/></h5>-->
<!--                            <h5>Machine ID : <span t-esc="machines.id"/></h5>-->
<!--                            <h5>Machine Type: <span style="text-transform: capitalize;" t-esc="machines.nameOfMachines"/></h5>-->
<!--                        </div>-->
<!--                    </div>-->
<!--                </div>-->
<!--            </div>-->
<!--&lt;!&ndash;             <div style="text-align: right;">&ndash;&gt;-->
<!--&lt;!&ndash;                <button class="r_save_btn" id="ppc_plan_save_button" t-on-click="redirectToRoutingScreen">Done</button>&ndash;&gt;-->
<!--&lt;!&ndash;             </div>&ndash;&gt;-->
<!--&lt;!&ndash;            <div>&ndash;&gt;-->
<!--&lt;!&ndash;                <input class="column_Input" id="create_new_col"></input>&ndash;&gt;-->
<!--&lt;!&ndash;                <button id="newColBtn" t-on-click="columnCreation">save</button>&ndash;&gt;-->
<!--&lt;!&ndash;            </div>&ndash;&gt;-->
<!--&lt;!&ndash;            <div>&ndash;&gt;-->
<!--&lt;!&ndash;                <input class="data_input" id="create_new_data"></input>&ndash;&gt;-->
<!--&lt;!&ndash;                <button id="newDataBtn" t-on-click="dataCreation">save</button>&ndash;&gt;-->
<!--&lt;!&ndash;            </div>&ndash;&gt;-->
<!--&lt;!&ndash;            <div>&ndash;&gt;-->
<!--&lt;!&ndash;                <span>READ:</span>&ndash;&gt;-->
<!--&lt;!&ndash;                <input class="read_input" id="read_data"></input>&ndash;&gt;-->
<!--&lt;!&ndash;                <button id="readDataBtn" t-on-click="dataRead">save</button>&ndash;&gt;-->
<!--&lt;!&ndash;            </div>&ndash;&gt;-->

<!--            <div>-->
<!--                <span>UPLOAD:</span>-->
<!--                <input type="file" id="fileUploadInput" />-->
<!--                <button id="uploadFile" type="button" t-on-click="handleFileUpload">Upload</button>-->
<!--            </div>-->
<!--        </div>-->
<!--    </t>-->
<!--</templates>-->


